tag	object	peeled_commit
v0.10.8	46ae198fc11cda80e817acbc5f5908d7c2de7032	
v0.10.7	afebf0092b59cc30de09cdb3d06ef4e44ea7a59e	
v0.10.6	f9e95e34a35811eca767706c0379f94526282abd	
v0.10.5	77195634e13fd3bcd0d24543de5f876b4679f1cf	
v0.10.4	c0bd4bbf8dace58cffdb24fad86d95e325df99f4	
v0.10.3	0c64de93a28cccdab5e61448c5276b54f1087dc7	
v0.10.2	b377c62a4e8b7ad64ccd295e4aa88abc8d275180	
v0.10.1	564d32cc87d520afd1b007babdbe71a89d3ea119	
v0.10.0	61b3b1b2ed740cbdb0a7ca6bd209d37a80135add	
v0.9.1-rc.1	ee9833df2c72b750378273897ffec9410fc2c4f2	
v0.9.0	b637e3330c96cfe452da623db068c241aaa3ec01	
v0.8.1	f0c9be19c5d74b84f418d807bfdce7b5d6a261ff	
v0.8.0	244039e6cef9382d9fdb0eeb991e8948c8e09ebc	
v0.7.0	b133a204d224f644ade0c07adaac3f5a04ead90b	
v0.6.1	6aab9d569365aa18638644aef2e9c482ff350a5c	
v0.6.0	d3aa98e7cd45fedc4e54e4512cb8743bf1570e19	
v0.5.7	b31d177089ad16214dced60a59ffd3ccbfd7e6e7	
v0.5.6	f24475ca4a173d0a14d9205ff2f064a07d08d670	
v0.5.5	da7e77580f6d0525584baf37c48accfe24e84703	
v0.5.3	f6b9b39c60aeb73ebf948e423d151b29c32041f2	
v0.5.2	0ef1b7b8c4e2a453193ddafb4ceaa692e8e65b4f	
v0.5.1	3744c6d419602a3a97d0ac9cb81c483eb4954228	
v0.5.0	7629940dca78a72003811b03d40b52ef42ce367b	
v0.4.10	0c80a37b08c2caeffae0b46c9f40a73da9f0f50a	
v0.4.9	ba626aac5078850cfa494493a271c19c13345ccf	
v0.4.8	fac0c5735993b3c6a09cb5006c42ebd0d4970c28	
v0.4.7	74546edb185ae0e7eb43eff9044b11486e89011a	
v0.4.6	a074a04ec31893a19c23920bb5be724ed23c96c0	
v0.4.5	f70fe5db96a8f30c1402f76c4c211ec6016b2970	
v0.4.4	57dd8f48207dd454bd8c1f2d5f83e5a3d152a877	
v0.4.2	1998470ea1ac2013b44b16999610199b678ed1e6	
v0.4.1	0e9a7b5f141794999a8790f0e8a47911e66ab5c9	
v0.4.0	0cc78d47df1d6e0d1e0986bdb74edac97b944187	
v0.3.4	3cc9ea2e08fd217aab5a229ec784febcb4aab911	
v0.3.3	5fe2b50f2f147577c39bf3ef43c54df6b7b7b437	
v0.3.2	5755ef122e1bbde7c88232fa1079a74a8b138e11	
v0.3.1	52d5ddd3bf84636a8d28823062f8f76643ca7442	
v0.3.0	b5fb8dabdad1d3e56afb8c5eba066080257cd7cc	
v0.2.1	ef6b5dc954ccb47064ecc0b0ac9b1b3b710877b8	
v0.2.0	6469cb641d2545ccd5079e0a755ca47f697acf3f	
v0.1.4	b5aded4eedf6353566a05f52ab5ec7ee68d3d48f	
v0.1.3	8b3534269cc29363d3bc491b4b63b3914784b3ca	
v0.1.2	6b51d3e75eb0c75ae2a23a3c4adff50dfe04f2c3	
v0.1.1	ead77ff51bb7e2ae6853f05a92a7deb1cdd641d4	
v0.1.0	c6be7b901780da19d71f43a944d06f959e027ae0	
v0.0.2	55a6fc68ff381bf8d88ddf7414d19145d7fe7382	
v0.0.1	8ea3f2ee21500d0aaafbc3d8160b450bbb7d3f40	
0.10.7	afebf0092b59cc30de09cdb3d06ef4e44ea7a59e	
0.8.0	244039e6cef9382d9fdb0eeb991e8948c8e09ebc	
0.7.0	b133a204d224f644ade0c07adaac3f5a04ead90b	
0.6.1	6aab9d569365aa18638644aef2e9c482ff350a5c	
0.6.0	d3aa98e7cd45fedc4e54e4512cb8743bf1570e19	
