branch	sha	last_commit	status
baseline-premerge	97ce23f9827177fff3858831156e9795c6832b18	2026-07-23	merged-into-main
build/codeql-action-4.38.0	243b405afeb3998707ea4d556f3178c8e8419cab	2026-09-20	merged-into-main
carry/2051-atomic-publish-errno	6f2f83618134bee208c98c47931579f27a712809	2026-09-21	merged-into-main
chore/1298-surviving-subset	7fe2f87ba7de82d1c39a11a82c206d3a523f2882	2026-08-28	merged-into-main
chore/codeql-action-4.37.9	288d41551e26a9b220431899d6e0423309555d3c	2026-08-30	merged-into-main
chore/homebrew-0.10.3	4a6891b27abacf5f037dbc1af89b5336051bf6f9	2026-08-13	merged-into-main
chore/language-count-contract	6c74ae382a98e7083bcae58ff5344ec76943e1e2	2026-08-27	merged-into-main
chore/lsp-originality-perl	10390f184c2742f3521c7f703160d7e4a0bac10d	2026-07-09	merged-into-main
chore/remove-committed-soak-output	66326c2c8c8b4b4b2332e10dc977c617277be37b	2026-07-30	merged-into-main
chore/remove-libgit2	2e055d771fb27b1cb6a8f5d3eacb5fb1d4b790b6	2026-07-05	merged-into-main
chore/slsa-build-attestations	8a370b2209504b990435d17390af67d74c02ba38	2026-07-09	merged-into-main
chore/sync-version-0.11.0	62fd80b842f00bd72e655d23c6afbfe12e199b6b	2026-09-16	merged-into-main
chore/triage-automation	c37848a73c35ed2fb75fa4c6f6ae6f3cae236d85	2026-06-24	merged-into-main
ci/clang21-align-workflows	557cb0102863e66cbd5cc622509a29a4964d1831	2026-09-09	merged-into-main
ci/codeql-4.37.3	181eafba9acc09c8e5605204636a03f3eea5220a	2026-08-04	merged-into-main
ci/codeql-4.37.4	88ed09838f5ef4e729825280a71d55e8a17a4794	2026-08-04	merged-into-main
ci/codeql-gate-budget-v2	77063bca8e933927990186452ada8e2064dfeeae	2026-08-31	merged-into-main
ci/dry-run-skip-smoke	95b3ba94483d989aa735eee0d7b103849597734d	2026-08-07	merged-into-main
ci/dry-run-virustotal	b67401a03bb866a6115d82bbaf5f42cb8111e835	2026-08-07	merged-into-main
ci/msan-clang-repin	8134712dc43b159fd863244ce53ba23641f20f8c	2026-09-09	merged-into-main
ci/msan-image-network-retry	f404dfbc7ae47f9912b18a0554a5e5d91f65be1a	2026-09-04	merged-into-main
ci/pin-llvm22-lsan-macos	1d38be3331576f50ce555d99717974060a6a16a8	2026-09-03	merged-into-main
ci/rc-prerelease-channels	4488959135ffe88416485025e6fa6223f6f8c0c1	2026-07-27	merged-into-main
ci/release-skip-tests	48fc9424188f2fb284792083db7ea4e44849fb94	2026-07-29	merged-into-main
ci/smoke-8al-node-pi-host-modules	be66a2d2c6f1538a4a831eb2c91622997be5b5ec	2026-09-03	merged-into-main
ci/vt-dual-candidate-selection	7b4533b67dc4b19981a695dfb8b75cae5e458635	2026-08-14	merged-into-main
ci/vt-gate-names-engines	f3e79f976c7cae9cceb75cbfd13ff2142efa37c2	2026-08-07	merged-into-main
ci/vt-zero-tolerance	3e343a3eb2aee27bccb3d7e84c8ddfba4906e494	2026-07-29	merged-into-main
codex/issue-1753-clients-forwarding	902f85b0f9566dea5a73a5dc2a724a282dc25fcb	2026-08-27	merged-into-main
codex/issue-1838-perl-grammar-v1.2.1	17b5a43263a62db98065924edb65422f0100ebb3	2026-08-30	merged-into-main
compliance/license-audit	239d99a18a3be7a9b0275877414e825d0178fc9c	2026-07-05	merged-into-main
diag/cohort-unheld-claim	455e9e5b624acdf6cfb9089ae8bef5dcf92dcfdf	2026-08-06	merged-into-main
distill/1245-c-pointer-return-types	343d7dd5e47b817999098605370f0eab706675f0	2026-09-22	merged-into-main
distill/1245-scope-lookup	df8dd1011bd1987d0ca5a45f324775aad2411f54	2026-09-28	merged-into-main
distill/1245-service-pattern-boundaries	c314dea4c1409a3a68fb33706b49e272809b5079	2026-09-22	merged-into-main
distill/1789-artifact-error-surfacing	fa2292111802b5f3b66db3e4dd168280b53ac17e	2026-09-27	merged-into-main
distill/536-cross-repo	c5aef83cc42a6726b72ff75e0a0f9a908c40694d	2026-07-04	merged-into-main
distill/543-cbmignore-neg	56f28ec5d0b40f896667b30e6029b0985f3f0a94	2026-07-03	merged-into-main
distill/549-ui-index-errors	fb49470944cc2ca95485f8b9eba71dc261006b55	2026-07-03	merged-into-main
distill/560-architecture-overview	76e87f4086d728643235f98fb7583d0afe6ac453	2026-07-03	merged-into-main
distill/625-auto-watch	aa153166d707071648379647fe96e4cbb65b7f8a	2026-07-04	merged-into-main
distill/647-drf-viewset-actions	024c0c5f76cbc930ba201ca03f35efcdd3ee557c	2026-07-01	merged-into-main
distill/650-trace-ambiguity	7d6d52b9d79c1644f442750c43475424547bf8c0	2026-07-01	merged-into-main
distill/672-git-canonical-root	3f3ae855b8e8cbf94fe3a3577892b79c2a5ac471	2026-07-02	merged-into-main
distill/684-jvm-callgraph	7b152097e6666a1f6bffe3a8b2c820837ea4ae54	2026-07-03	merged-into-main
distill/685-retention-reshape	e85c7d69f0d2a8f694f75d9cc97af0bd72041307	2026-07-04	merged-into-main
distill/693-scoped-search-spaces	3dd24719b0c6cd09158e1329b06382922282293a	2026-07-02	merged-into-main
distill/699-receiver-recursion	39a091777a43232d9fcde2e5a75ae3031bcea0a3	2026-07-04	merged-into-main
distill/702-installer-utf8	138bd867f69239ff77df64558721b1140453278b	2026-07-03	merged-into-main
distill/738-watcher-prune	6ed3dc0749d0fdd86a244e52fac293a2fecfa836	2026-07-04	merged-into-main
distill/756-search-prefilter	b4070c5d44b09b4d66aec7ef2ccfe1cd2e382bba	2026-07-03	merged-into-main
distill/770-imports-dedup	6df5804fc04d6fc5189ce028448a3ce818712c32	2026-07-03	merged-into-main
distill/776-linux-rss-undercount	19296d75b949408229c6977dfb443e47a6083953	2026-07-04	merged-into-main
distill/782-slab-aligned-pages	5cc8a7123d691e8627f5570cf388867bd9cde0a9	2026-07-04	merged-into-main
distill/789-deadcode-ui	c091ffdb0599ed23a6b14e5fa5525cd8df8d5381	2026-07-04	merged-into-main
distill/793-walk-exclusions	c3d9a6548a1c3eb10b151e585802501ed95bad3d	2026-07-04	merged-into-main
distill/799-win-handles	40e317edd76271ba718436debe0556469e813709	2026-07-04	merged-into-main
distill/821-octree-guard	2b12f0001c696556740b38755cba5f2e455095d8	2026-07-04	merged-into-main
distill/828-usage-ownership	f6b9ac9d6515fc489d01ddcc0591b13c710bebae	2026-07-04	merged-into-main
distill/830-ui-unwatch	96cb6d188c93fc364e0bf11c4b7d9ed32148a937	2026-07-04	merged-into-main
distill/887-traversal-depth-caps	98e98c3208b7386fd3935c3f7ba23a6667839e7d	2026-07-05	merged-into-main
distill/cli-hygiene	c2744264d990c8c54c170ffdab39955d22bb3833	2026-07-03	merged-into-main
distill/install-plan-fixture-cleanup	f3b356afed18bd81125b7cdd12ab0ca9d9666a50	2026-08-20	merged-into-main
distill/nomic-blob-generator	978ac7d7455c90497dee5299824b7e67a0259632	2026-08-20	merged-into-main
distill/py-eval-guards	eb2e0d5d90a0b282fe11b5eac4f39bfb3fbfa378	2026-07-04	merged-into-main
distill/ui-label-and-ts-repro	b58d1d84e61ccf5ca646c348a83ed6806bb39394	2026-07-04	merged-into-main
docs/codeowners-authority	51286d6a6c77ebd396bee1e64ef9d1058a2f0ee8	2026-06-29	merged-into-main
docs/contributing-ai-contributions	f428d583008ce87281bac138c02bd4375c56d735	2026-09-21	merged-into-main
docs/eval-plan-draft-note-v2	5758e9bb4c9b2c05c85c5b468076c17790333ba4	2026-07-09	merged-into-main
docs/issue-361-measuring-savings-resume	31724178b2623b074f1ab87b1588f91a0dd5760d	2026-08-27	merged-into-main
docs/issue-612-runtime-trace-model	b10c2744d6c1f180dd4b417d35f3c28dc9ba86fc	2026-08-29	merged-into-main
docs/npm-readme-counts	9eba0279090e0ccf24a736026591ccb36ae31ac3	2026-08-20	merged-into-main
docs/readme-single-binary	395f6efa420da24810503e71053caa7db6f04b2a	2026-07-28	merged-into-main
docs/readme-test-count-0.11.0	22ce867efd88dff9c219f789967ed2612329ee6d	2026-09-16	merged-into-main
docs/runtime-network-behavior	74b1a478cea28cf27b05a3222fff43f2ad423fb2	2026-06-30	merged-into-main
feat/1324-python-weak-member	5eae752f489654a7e1b04450a0f77256d0b4b05f	2026-08-29	merged-into-main
feat/1412-cfml-distill	229b4fe1f8a99ee60f6ba86ea190181314ef0429	2026-08-28	merged-into-main
feat/518-519-bm25-prose	dc23628c6f00a818466fe09f0f180413333aee80	2026-08-29	merged-into-main
feat/668-walk-defs-heap	174e56b447ca4bb894e5368168e7b821958dbd04	2026-07-02	merged-into-main
feat/868-artifact-reconcile	4cbc9e1ca2bee240b83341626b21680d69c4924d	2026-08-29	merged-into-main
feat/879-importance-distill	396ac348b5abe0e1a7c6cc7bb9d604e8ee76cefc	2026-08-28	merged-into-main
feat/919-chialisp-distill	82c4067f79593279f7b6ae5f0e62b5117631ce4a	2026-08-29	merged-into-main
feat/adr-section-update	d90f98f5f4f183eedfe2c10990b307790b944780	2026-08-29	merged-into-main
feat/agent-installations	aa2366811b1b4c08088a95e13352da7f26ff0143	2026-07-14	merged-into-main
feat/arkts-language	2b51b7dc1af4c443704172bac903f96b1fb66098	2026-08-27	merged-into-main
feat/compact-tool-output	be9976dd31b8ad55325a6ab1668df2831c6dab5a	2026-07-11	merged-into-main
feat/coverage-not-indexed	2ba11079212f6ce67cddb24371b9a1dfb0d48ada	2026-07-09	merged-into-main
feat/coverage-signal-a	3eb294fa11d2e4de3a061bd52cdd05d0faab02ed	2026-07-09	merged-into-main
feat/cshtml-razor-pages	380b1c5af1d5f3e94248752266031b3035080793	2026-09-03	merged-into-main
feat/dbt-jinja-lineage	43ecc0988c045f939cb96813123bee86e53a10bc	2026-08-20	merged-into-main
feat/generated-client-adapters	3a5790b0754ee685016639391dca1a90a890267c	2026-07-31	merged-into-main
feat/index-error-surfacing	e89aa776a7aabe59ba45f9fc4064caf72e53af09	2026-07-02	merged-into-main
feat/index-mem-subprocess-isolation	0814af1fcfddc18132c9f88235097fe46c840416	2026-07-04	merged-into-main
feat/index-supervisor-subprocess	6e59736711b39c91a022970b6101af376af1199a	2026-07-04	merged-into-main
feat/install-clients-selector	0374af1473d4234831dc835b88d7d91dece6ee87	2026-08-13	merged-into-main
feat/issue-469-file-outline	1794d9ba7a4acba404f52eee6707b273dd8aecc6	2026-08-31	merged-into-main
feat/issue-525-graph-compare	7ba26f5216b466c6e939e1d2ac58313cd65ed9a3	2026-08-28	merged-into-main
feat/lean-output-contract	9427f435158662074d6576053a6675a403696543	2026-09-05	merged-into-main
feat/local-remote-parity	3daea2308e7a329c32b3eee329543bf1bb78a5ee	2026-07-27	merged-into-main
feat/lsp-cross-inheritance	2910e2842f912be2dbb3a8c7fbcd939881cc6616	2026-08-29	merged-into-main
feat/lsp-walk-depth-caps	4aa53e3483e4fa05c5ac18776f83ea786f0c72fc	2026-07-02	merged-into-main
feat/mcp-protocol-2025-11-25	b7f1a71a6b94fb89c7f680d93de39726dda4f303	2026-06-28	merged-into-main
feat/mcpb-bundles	141efe376662a717a036a78275cf6a451661554b	2026-08-11	merged-into-main
feat/memory-core	d70b79417978a9f3ab0d1aa849879dbf049793cf	2026-09-14	merged-into-main
feat/memwaste-sanitizer	9db483402ea2fd4e0a5ff3bdd2b1fc50a7518ec9	2026-09-19	merged-into-main
feat/nix-cross-dev-shell	3308f36080803af0122f54ff0b1c6b8bd6c5646e	2026-08-20	merged-into-main
feat/plsql-language	9843b666994e5f8da67ed54710859331eeaf1733	2026-08-27	merged-into-main
feat/pr-acknowledgement	05dc3fc4979d6b3c66b4d2902df98585982b31d9	2026-07-31	merged-into-main
feat/pr-smoke	2236996b8a42e04e6ada01f51d4c4ecf2f708ac3	2026-07-05	merged-into-main
feat/python-bare-local-binding	97517a4652f376cb6bf096255e235edf456f86b1	2026-09-02	merged-into-main
feat/scaling-probe	51770de0b6c61e35e4ecc839417110acd4f7cdd3	2026-08-17	merged-into-main
feat/shared-coordination-daemon	e4400b6f49d034a1a81ba2c749167ff021cdbba6	2026-07-23	merged-into-main
feat/sql-table-view-lineage	7ba84e37548f70c31eadc48fafa731432176e06c	2026-08-20	merged-into-main
feat/swift-protocol-methods	5cabeb4b10a5c56b991cf80d7dd2dc754c7a8953	2026-08-20	merged-into-main
feat/test-sharding	bc3594b728c3f1bd9e679143b10dd53d1666f279	2026-07-18	merged-into-main
feat/toon-round2	cc5f71bdff7565d521d8c74f748f4b92485c87c5	2026-07-18	merged-into-main
feat/trace-edge-provenance	73cfb61d0b74f1c34d356749506b646424ddc1f8	2026-07-31	merged-into-main
feat/ui-node-budget	8e65f8f1be8daf1268a889bf2259ac5543722926	2026-07-07	merged-into-main
feat/ui-variant-optin	6074f628ef89fd94fbdbe9089eac4a7879f64882	2026-07-08	merged-into-main
feat/vendor-mojo-grammar	8d2088b92b21dc4bb584d2baa04531834d9dbb89	2026-07-01	merged-into-main
feat/windows-arm64-release	4fac943314d24db1c63cc2757d15e3579efaf8bf	2026-07-06	merged-into-main
feat/workspace-grants-and-manifest	bb4fca52c09a36ba34a39495e658f19b398c153f	2026-08-07	merged-into-main
fix/1025-project-suffix-resolution	2432cc8bbbc1117a4a3d2ab93e3486e994ac5206	2026-07-12	merged-into-main
fix/1032-aider-cli-instructions	783892aa63298365c63b5c3f9a5595d3786aefbf	2026-07-12	merged-into-main
fix/1071-cpp-macro-type-arg	a75f4b6a3bb590000a40bbfbd6b6bd5f628cf87e	2026-07-16	merged-into-main
fix/1083-wal-journal-size-limit	9dfe52f16e1cbec0b240690c84f53743f82dc2e4	2026-07-16	merged-into-main
fix/1085-jsx-alias-calls	8c394658b90dfbe400a107888767143ca94f3826	2026-07-15	merged-into-main
fix/1196-aggregate-scan-truncation	58ef9f19acdf92ea3e43ea2bf0b2a8ed459781fc	2026-08-18	merged-into-main
fix/1334-multikey-orderby-limit	d12924641ed20a987dd2386ae797cce1b20bd7d6	2026-08-04	merged-into-main
fix/1361-help-missing-tool	644c8fd5e88e39161ddfd373c23681bebe99d2d7	2026-07-31	merged-into-main
fix/1375-oversized-mcp-response	5efa57492aa2bbe7f620342446029d6cf0f0b7b5	2026-08-07	merged-into-main
fix/1383-image-rejection-response	2dd296bab4fdfeb1fa382f909b1fa0ad256fd575	2026-08-04	merged-into-main
fix/1387-install-preserves-hooks	55c2994b08e19717e2e0f998079ebcb5a7095c8e	2026-08-04	merged-into-main
fix/1388-hook-conflict-notice	856ec69f8475ab048c378f5d0db456badadfe977	2026-08-05	merged-into-main
fix/1416-activation-refusal-attribution	2044c5c6576938011e33c03a5cbf40b101f6ebba	2026-08-04	merged-into-main
fix/1425-no-corrupt-litter-on-invalid-name	99dfc19c86b0ad732a3c0a21fb5f5d043b8a1039	2026-08-04	merged-into-main
fix/1427-exec-no-shell-window	cc1d60db4ef77a7662997a938b92504e5367385b	2026-08-07	merged-into-main
fix/1522-silent-empty-results	f59d24fd10a728ee47cc8c05e6a1f25f89f0c8b0	2026-08-11	merged-into-main
fix/1714-freshness-merge-loss	96a2fc35dfcf14662cee491430366f4e8d8b8149	2026-09-20	merged-into-main
fix/1828-enospc-daemon-start-diagnostics	ca86fdb057b3d7f6d31e179ccbe64629fb1b0921	2026-09-11	merged-into-main
fix/1839-1864-stage-orphans	951b9ab022df391410528fe98769d091c203fc60	2026-09-11	merged-into-main
fix/1856-win10-tls-and-stock-au-ace	734906379f235c07cce960ce6a57746ea3be48bb	2026-09-12	merged-into-main
fix/1924-yaml-plain-scalar-indicators	7219a24cc692500cdeb5cc192adbd47ac8bb6ee1	2026-09-08	merged-into-main
fix/1953-watcher-git-self-trigger	9e1faa7327f8192101f16d8d6d81020937475166	2026-09-08	merged-into-main
fix/1954-uninstall-symlinked-config	33534653f10c052f2a5c7f1953756aeb10499be9	2026-09-11	merged-into-main
fix/1973-nested-gitignore-depth	d3eb7e9823b43a8e2e5917d2d234367c1f88436d	2026-09-08	merged-into-main
fix/2046-cohort-conflict-retry-until-deadline	9104feb67f78959e64ddff78d236e0dea475a434	2026-09-04	merged-into-main
fix/2054-orphan-sidecars	ca36316c6b34a6081de24d69699665a20b16de0e	2026-09-11	merged-into-main
fix/2117-windows-user-path-uninstall	8135be28a764fad4ee55abe466762bbda7ebab74	2026-09-08	merged-into-main
fix/581-leak-mitigation	f7d6d34457d430d71f54617b60039d7183bcfe05	2026-06-28	merged-into-main
fix/601-cypher-exec-deadline	6bd11ffb58187ec41ebdadc1f341cad01e443eae	2026-07-16	merged-into-main
fix/640-project-arg-alias	8b56c52231e5f6fea51075d7e7017da23f27fdbf	2026-06-30	merged-into-main
fix/680-cli-flags	3c2c12006f1fdea6ae600bda31be2c4bbfa6a401	2026-06-30	merged-into-main
fix/683-cbm-fopen-worktree	e82f6da0a99444975cf15b8700853112b4e3c602	2026-07-02	merged-into-main
fix/704-store-resolution	1d1772a24fbce34c611570cc9d3eb8050d094717	2026-06-30	merged-into-main
fix/713-1826-nongit-guard-openhands	f6a29270b72a5373e4d949ed3f4078a40830c57d	2026-09-11	merged-into-main
fix/773-parser-allocator-epoch	2f7befb9ad0bc0f4686a308ab7bf697ff620c04a	2026-07-11	merged-into-main
fix/797-varlength-paths	d0626b050862296643a4a8dd68e4a2b0382a3b6e	2026-07-11	merged-into-main
fix/845-supervisor-host-gate	4fff22fb3b9d9badc6416f95e3d08a2776f3ce4c	2026-07-04	merged-into-main
fix/858-hook-deadline	4b5bb757f9098be96f54ed3d5041fe848f7c1b5f	2026-07-12	merged-into-main
fix/871-commonjs-require	66f2413cd943a4dbb3664147a43ddc6ea00c5a9d	2026-07-12	merged-into-main
fix/874-cypher-coalesce	4382b97908a6d3da562f85d890a0dc5ab857d5af	2026-07-11	merged-into-main
fix/898-sequential-json	93740cedd61aa01b99c05f4789933ea47d7a1608	2026-07-11	merged-into-main
fix/929-windows-cmd-hooks	0fa9f429adba780605051187ad9387b785752614	2026-07-12	merged-into-main
fix/937-watcher-dirty-signature	9789a7c55ead7a3493696d262cdc7a6ba8687813	2026-07-12	merged-into-main
fix/952-laravel-facade-routes	277662416badad9b18a59b3baacd5ef45c772f68	2026-07-12	merged-into-main
fix/961-ifdef-split-defs	65a176e4d876e140e39b9cc772177874ccdc6404	2026-07-12	merged-into-main
fix/964-1077-fqn-collision	751752bd218e34694c2940800cc0839ed1e1d60e	2026-07-16	merged-into-main
fix/973-wide-canonicalization	14198fc1e1ad638c69fe2282a2d0ae97567f5009	2026-07-11	merged-into-main
fix/988-py-alias-import	0ec24787fa7c8d9eaef65d8b0bde52758149a2a7	2026-07-16	merged-into-main
fix/996-writer-wide-fopen	faf5160cbb883807287a815e91d44a0bdda28566	2026-07-12	merged-into-main
fix/999-ci-config-infra-routes	81e7b73647039c2c00ef52febfa527dfe8fe6c0a	2026-07-16	merged-into-main
fix/activation-guard-home-scope	fa99ff64eb6579fb15f3aae1aff7da349cb2999a	2026-09-12	merged-into-main
fix/agent-config-error-detail	22ebed4d3b44e6d46b0ee0eb41a672feb2549f9c	2026-08-14	merged-into-main
fix/ancestor-appcontainer-sids	9b5555a247dd623a07fcf02fc205ae750cb390bc	2026-08-14	merged-into-main
fix/arm64-pagecache-alignment	43fd20337c9f8be38edec8f0ba59b43e8259547e	2026-07-26	merged-into-main
fix/artifact-torn-export	b79c6da931a3ec4968d97486243ff73ae04acd98	2026-07-11	merged-into-main
fix/available-projects-json-truncation	d4c0b6bdbc0f3616edd0c3c9ace7e4ad9cf4307f	2026-07-01	merged-into-main
fix/batch1-strictness-and-installers	8eabe191d2b45d6a58738392a03235c240af6996	2026-08-11	merged-into-main
fix/batch2-regressions-and-determinism	63f26f4ce1d5eac0249da767721eaa947544c15e	2026-08-12	merged-into-main
fix/batch3-windows-owner	4c793c4ded00ff5baca4b0f1853cbbd519ce3642	2026-08-13	merged-into-main
fix/bind-url-builder-gate-test	8f94ae69d76dc93afc718189361ca7580f5c7961	2026-08-26	merged-into-main
fix/bounds-and-workspace-roots	52303157bf9c0d1152a844a5ca9735e2d75c7d1a	2026-08-06	merged-into-main
fix/c-lsp-shared-registry-on2	d10701dcedfc206bb82b2d930a1018eefd79b331	2026-06-29	merged-into-main
fix/checksums-and-license-gate	22de979b9d0d844a5aaff37ae9d4705b93897735	2026-08-15	merged-into-main
fix/ci-changes-large-diff-fallback	65d60e72f5b86f5982b15f0d88826ba79a085aa2	2026-09-21	merged-into-main
fix/cli-coordination-detail	4cbecb624e925f77e29fa42eff5f104c363f42b6	2026-08-14	merged-into-main
fix/cli-unknown-flag-reject	2950e4ec03b57fef7bf554293b2176162e49b466	2026-07-10	merged-into-main
fix/codeql-gate-fail-closed	1ad52f5fb1b3d96255756de01ce30912b1899e09	2026-09-12	merged-into-main
fix/codeql-objectscript-wider-type	29d05589dc13589b72f4d5cd7fdf9c716d68d42e	2026-07-16	merged-into-main
fix/complexity-pass-deterministic-order	dab58c0701d8806ddac2783949f1a478225f80bb	2026-09-07	merged-into-main
fix/complexity-walker-no-silent-cap	7707c9d7918263cd446a4b54d4eb48c3fea91048	2026-09-27	merged-into-main
fix/cross-repo-shadow-row	329cfc3c36631364d3e5e211ee82598b188e3c8a	2026-08-15	merged-into-main
fix/cypher-optional-no-fabrication	27d9831ab85698647710b8e9acc45cb63d38143e	2026-07-31	merged-into-main
fix/daemon-app-tsan-wait-budget	e06d1b520e9671c57e1bf04cb9c0ef8d278f4985	2026-07-23	merged-into-main
fix/daemon-ephemeral-retire-cohort	6091db7104bcaa0b61566272290e04ce448851a7	2026-09-11	merged-into-main
fix/daemon-release-hardening	e5c79418cadef7a93fb4699d2b1124afcf9b9ed1	2026-07-26	merged-into-main
fix/daemon-session-root-separators	9846c3f1711d557c78426913efaff340e37feb4e	2026-09-06	merged-into-main
fix/decision-a-memory-budget-fail-whole	21591d51168d26f931f64d62edc36013cd1f6249	2026-09-08	merged-into-main
fix/decision-b-win-sid-trust	53700ee1c72f1a5c2551a83c74d20278e4ac664b	2026-09-11	merged-into-main
fix/decision-bd	8116672a7e3a02aecb5cb0e6fd9e685cd5066fe1	2026-09-09	merged-into-main
fix/defs-walk-no-cap	77ab4bea87008547acee60435a8e3df29d90a5cb	2026-09-26	merged-into-main
fix/deprecate-raw-json-cli	4a0a9cab9010733db63e36c59b582372527828dd	2026-07-01	merged-into-main
fix/destructive-ordering-contract	1d92d37f9edd86c0b312cc7c7b4772c3d2f9d8eb	2026-08-13	merged-into-main
fix/dry-run-determinism	50d0cc8c7d368170b1697ed0a2df7b37c1337368	2026-07-23	merged-into-main
fix/dry-run-test-regressions	312185ca389594d19a35b830d9e50609fb09faa6	2026-07-07	merged-into-main
fix/dryrun-hardening	be410a6be95ce0ead27c15cdcc31e3a569ea84fa	2026-07-08	merged-into-main
fix/dryrun-predicts-hook-refusal	d35589cf1b5a26ee634f172082dac615e6dd2a4c	2026-08-06	merged-into-main
fix/dryrun-strict-allgreen	0789c6380c4030f70a6632fc0ec8dc12e9e015cb	2026-07-05	merged-into-main
fix/elf-hardening-relro-now	7b92d2a6218936767b112081b9aa4e79d5b81dd9	2026-09-04	merged-into-main
fix/eof-missing-terminator	63f0a6c0e7c03e09e3bc7724b017bf74517dd7c8	2026-08-15	merged-into-main
fix/external-ui-assets	23e4fb0b4edd319f69bdcc12fbabce35e92e58b8	2026-08-09	merged-into-main
fix/extract-cpu-time-budget	527016258e0da33ef883966f618609f4cf58abf8	2026-09-11	merged-into-main
fix/graph-quality-2026-09-16	df83d25ace9885e252363cb04be25a17da85c9e8	2026-09-21	merged-into-main
fix/idx832-worker-lsan-exit	40d82949f56b198e6d351a3cbd95b9a7bfb2323f	2026-07-07	merged-into-main
fix/import-map-suffix-swallow	afcce2d42bed06e5ccd2bb7797bb62185d00ac02	2026-07-10	merged-into-main
fix/index-worker-session-scope	2b80b31306b3dbb9ac8bc0ad50372f724f1dd243	2026-09-12	merged-into-main
fix/install-cbm-arch-override	71e86a69e0b5802a3ec3580a159c80a7aa538cf8	2026-07-06	merged-into-main
fix/install-cluster	20ad3e5b89843dca3e323a5b7c62b6b43aea3a71	2026-08-17	merged-into-main
fix/installer-scope	0e89ef87babfc55268c1dcb3fe96391802c9b7c3	2026-08-13	merged-into-main
fix/installer-staging-acl	47d2b53387a204a849a53b4a621efc92e1b45625	2026-08-14	merged-into-main
fix/installps1-osarch	e4d7d62d2c51e611bab835c2f75cdecf2115264e	2026-07-06	merged-into-main
fix/issue-1733-windows-hook-wrapper-resume	39c74bdd5c8b5dc3bcd43f962195add0ba794150	2026-09-04	merged-into-main
fix/issue-1735-sql-cost	259dbb67bee1d3547ae61a98c9d0c1cf4e491d44	2026-09-28	merged-into-main
fix/issue-1746-dockerfile-eof-whitespace-resume	fde1695de2849862fff267fd5d6a3f144b26b07c	2026-08-27	merged-into-main
fix/issue-1764-idle-frontend-cpu-resume	7710f86e927c5221c395ecbdab9d0f3b75edcb71	2026-08-27	merged-into-main
fix/issue-1834-pi-stdin-transport	ee32816e3ce59855262df3d738b96e13931da131	2026-08-27	merged-into-main
fix/issue-2176	ea6fa49fc2c209de69c1b0f393d9d2cc25b61419	2026-09-28	merged-into-main
fix/issue-2264	dc735c01fbbb4eddbbb73ff4df6007ab68413a4d	2026-09-28	merged-into-main
fix/issue-2277	19d144477b9558dad148d3f555ec6ede16caa3f5	2026-09-28	merged-into-main
fix/issue-391-sparse-absolute-loss	20c7dd3dbbba55770b82a99f6fcec6120f362873	2026-09-04	merged-into-main
fix/issue-403-sensitive-programs-root-resume	3a8c0d9758e5337d3878b2099dad3e2001bb81d9	2026-08-27	merged-into-main
fix/issue-474-search-code-scan-deadline	31bdd4d682eb9812b1130f4a1b55b3725feed834	2026-08-29	merged-into-main
fix/issue-56-rust-parallel-cargo-context-resume	0f1e65d625bb0b87fbea96251caaef0b10deebd5	2026-08-27	merged-into-main
fix/issue-labeler-regex	fff4761d372230bf86d2a8180aa6899d67ccbf25	2026-07-10	merged-into-main
fix/java-enum-methods	1acd87912fe46416022eae146e7b13f7796b65f9	2026-08-20	merged-into-main
fix/json-mcp-extra-keys	dbd20eaa48b3d28017de84aaa57acafdeba6aae0	2026-08-14	merged-into-main
fix/language-count-badge-gap	6639bae5719950eb8c768c7c108a99076f3f9a59	2026-08-27	merged-into-main
fix/launcher-av-false-positive	a54ea95719de69754273a317a426f58721fc86b3	2026-07-28	merged-into-main
fix/lf-endings-distill	32633bab9a20f7d95785c14c16daf30999094e58	2026-08-18	merged-into-main
fix/lint-license-gate	da75d1ef6a355a078e461b94331d009bec9ba43e	2026-07-06	merged-into-main
fix/linux-allocator-override	452372eec5a208947846245550b3d85744723479	2026-08-06	merged-into-main
fix/linux-arena-eager-commit	3491a8e83b4dcb22ca1a5d8d3d408250c321b885	2026-08-16	merged-into-main
fix/lock-registry-deadline-test-deterministic	7e47043acce9bdfd87e7becc7fe7a348b02753ec	2026-09-04	merged-into-main
fix/mcp-discovery-empty-lists	a432cf729e15e212469f60050bb9804bf65b73b1	2026-07-11	merged-into-main
fix/mcp-index-args-cleanup-helper	c1128db8187db2dac27a7ad14120fc09802c8018	2026-09-20	merged-into-main
fix/mcp-payload-duplication	f27f0a2a6cea53a0ab5e2989bdba43ef95c43c02	2026-08-07	merged-into-main
fix/mem-peak-rss-invariant	cbd41533d3a710eacc291aac18c8907474e1defa	2026-07-05	merged-into-main
fix/no-inprocess-update	0b31a5dcdfeebcc5ba8b64efa4debe5f470f788b	2026-07-29	merged-into-main
fix/no-skips-gate	029a602b19710201bde656f3e32ab128ceb11620	2026-07-07	merged-into-main
fix/no-stdin-slurp-without-flags	9ca108fce968c698a54e2f2e87d6caf9a7bc1037	2026-08-14	merged-into-main
fix/opencode-jsonc	1e6825f91290039de5b2fa745cd9611197604542	2026-08-12	merged-into-main
fix/orphan-marker-selfheal	a975f6b61f167ee632745c292afe44669101ff70	2026-08-13	merged-into-main
fix/path-within-root-indexable	be7534b3856f254155bf4a0d27b3d8142e384b5a	2026-07-08	merged-into-main
fix/php-trait-alias-oom-guards	df7cae4d83c39ff319dfe829481a46b66ffa07ea	2026-07-09	merged-into-main
fix/pin-mcp-publisher-download	70b2994425e1376653682fb96526654e43c742b1	2026-08-13	merged-into-main
fix/posix-probe-counter-unused-but-set	0ac290e2e243148b9e84bb682cf1101fe38bc6e3	2026-09-03	merged-into-main
fix/product-runtime-dir-override	7f3e30e1e1839344059aec87b58a6964e8d5c902	2026-08-14	merged-into-main
fix/project-name-length-cap	db20e534598481ba5382d0b287eb2ceff6c6cae2	2026-07-01	merged-into-main
fix/ps51-stderr-wrap-probes	3f926997299c8573955cfb54d2c67df0d8facb62	2026-08-28	merged-into-main
fix/publish-registries-idempotent	462b0d39222678a9d555c34094e8c84a43a9789e	2026-08-11	merged-into-main
fix/pylsp-bench-liveness-backstop	e628d9d297a1549bd076a96fb030587ef52d7f4d	2026-08-10	merged-into-main
fix/pylsp-scale-detector-calibration	0cdcf9a44247a6711a1e022731160a3638560f5a	2026-08-11	merged-into-main
fix/readonly-query-open	8ec7523a30f2bc7b72169924fd1662a819f32948	2026-06-30	merged-into-main
fix/refusal-detail-propagation	ab568590c25cd1f4d6548f03092524b882257323	2026-08-13	merged-into-main
fix/refusal-names-wrong-dir	daac6bd424b579e457a50606d057efd00fd94dfe	2026-08-14	merged-into-main
fix/registry-publish-ordering	e4cb304a11dda2bf4c4e4cf9d45c013190c8825d	2026-08-13	merged-into-main
fix/relative-repopath-guard	ca7c7f45159fd112c783aaf46ef176e9822c8dce	2026-07-09	merged-into-main
fix/release-gate-cascade	98c1f8c3e19e047b0daa843632e75effb9652341	2026-08-18	merged-into-main
fix/restore-thread-heap-release	f8b4e435d587608b895b4cbc79959fed3ce15385	2026-07-26	merged-into-main
fix/script-exec-bits	5a479facf7b5b562d6b69bb6bf6ecc3a778c9968	2026-07-30	merged-into-main
fix/seam-callsites	30b4defa13fa23d46861af5dbb9d61bf8a99ebf6	2026-07-30	merged-into-main
fix/security-caller-permissions	09c0e88a6484c5fb696d7fc7b5a5e3f32b8cba68	2026-09-13	merged-into-main
fix/security-strings-json	673e52387965d57687d8908be288b3bfb864b529	2026-08-12	merged-into-main
fix/semantic-edges-qsort-null-guard	77a0c7d94156a43f19047330c7356be4ee12cba5	2026-09-07	merged-into-main
fix/semantic-search-residuals-938	b7e18c8940d2bb58d85339d27da0754e5aba92e5	2026-09-05	merged-into-main
fix/silent-client-startup-exit	7cdda21ef49c9318bbbd4bf0299bf34e14939ad1	2026-08-13	merged-into-main
fix/skip-tests-skips-smoke	1670414211accd8fa331c7db3bd36239275fce50	2026-07-30	merged-into-main
fix/smoke-arch-from-ci	73a636f2a0943e47bd74520edd7333291277c8ab	2026-07-06	merged-into-main
fix/smoke-defender-engine-error	1015dd28c78cac9b11a0387b40ee28b722a9aabe	2026-07-08	merged-into-main
fix/smoke-fixture-contract-phase14	740d9b4fc5447321e1f3734ca0456ea0c94ff539	2026-07-28	merged-into-main
fix/smoke-gating	d39d9b6d3b85911411ae2eef82e0ae9d483a3bbc	2026-07-05	merged-into-main
fix/smoke-invariants-triage	f2626f0090b5a27ba3a9af5ebad10ea35ad8eecb	2026-07-03	merged-into-main
fix/smoke-serve-linux-portable	a50f97c9fb141ca2ee1a6eafc836290d9511f170	2026-07-05	merged-into-main
fix/smoke-windows-arm64-curl	8248e15e04be9dc56a195ad435e2bafab3d42129	2026-07-06	merged-into-main
fix/smoke-windows-curl-diag	2a664aa03e88eae792e2749a8b1243009273c4ac	2026-07-06	merged-into-main
fix/smoke-windows-ipv4	47dddf1cdfad3d7daf1cf7c49ed6fcc188d9cbf2	2026-07-06	merged-into-main
fix/smoke-windows-native-curl	594949d277f46b5b960fea9f606215b55f6f0bf5	2026-07-06	merged-into-main
fix/spawn-retry-backoff	38b9f9e286d9d601fad071b19ef4b8f1fb2f4951	2026-08-13	merged-into-main
fix/spawn-retry-sanitizer-budget	a92b6be9e321d3e3f1661415841ba504d46cb7e6	2026-08-13	merged-into-main
fix/spawn-sanitizer-define	b8c94d82769ae5fe4d3df994c1ce04920248c849	2026-08-13	merged-into-main
fix/stale-never-close	883160327f8cc83d1336c2da864f30a4360f7c59	2026-07-26	merged-into-main
fix/stale-wal-sidecars	43d84ee6f21733d3c7123364b70183ca037c282f	2026-07-11	merged-into-main
fix/startup-coordination-lingering-lock	4a29f0da5967bd355a07143bd3b1e5675fda7d5b	2026-08-20	merged-into-main
fix/static-linux-no-malloc-trim	172787de9c18352bb29545da2426d9d61b260fc3	2026-09-15	merged-into-main
fix/stdin-gate-tests-post-1181	4dd099679d85c7e4cccca56d5716294ea4ed2dde	2026-08-18	merged-into-main
fix/strip-release-binaries	af250e7d65144bf200242620fe25b4ddf9a4e1ef	2026-07-29	merged-into-main
fix/subprocess-posix-spawn	579a9108868a91eadc9c4ac55077596bb521d0d1	2026-08-06	merged-into-main
fix/surface-sqlite-corrupt	b422a16889ef20359491961051070aae2e7a08d6	2026-07-11	merged-into-main
fix/test-binary-builddir	ff4cc170ead00df792ebd8d6417ab52ebbb78d9b	2026-08-06	merged-into-main
fix/test-daemon-bootstrap-sync-spawn	9b5bf70dc400fdfe989ed2bf1b623b2103bbf2f0	2026-09-24	merged-into-main
fix/test-wave-atomic-barrier-writes	f8951524252b71be8d8d3ea1f86d03eb97d6e9d5	2026-09-06	merged-into-main
fix/test-wave-descendant-probe-budget	132e8fc32309e843ccd97138c8f032e317333673	2026-09-04	merged-into-main
fix/ts-scale-parallel	7b8b7038f767c84204b11feaf56b2028dd54149e	2026-07-07	merged-into-main
fix/type-like-sql-allowlists	619f702e88788cfa841fc84acd4aa9e903d355f8	2026-07-31	merged-into-main
fix/ui-config-keys	811ecd3f2cdfc600fd54d6f5cd6fa40b1e963c09	2026-08-13	merged-into-main
fix/unify-type-short-name-index	da61c81af243e3277e3089fb474ee5c08fe5c148	2026-09-01	merged-into-main
fix/uninstall-help-destroys	a530c8aabedfbea7d0c8e2401ebe6909f270e0ff	2026-08-15	merged-into-main
fix/update-handoff-and-determinism	ae52db3147931edb0cce22f2436dedf7c97efb1b	2026-07-29	merged-into-main
fix/update-names-missing-installer	d58962c010642086d05c33d0feabd77848868328	2026-08-15	merged-into-main
fix/userns-smoke-spawn	ac8f5b8a8137f15e95478be71ee6742e928ba5bc	2026-09-13	merged-into-main
fix/vendored-manifest-mimalloc	4836b9a1460f6b97fc21a1774a254066e53030f9	2026-07-30	merged-into-main
fix/venue-parity-probe-sigpipe	cbd241d7f1b33248501010cbaac50b07785373b8	2026-08-28	merged-into-main
fix/version-metadata-gate	ae8fd2c903b08010107b688017e5ee423191e73d	2026-08-29	merged-into-main
fix/vitest-4-1-11	044fef7957d48a097b48f4ac3c505aa67de8164f	2026-09-12	merged-into-main
fix/vt-analysis-id-pin	4cf95798337b5a889af3b6e4ab9a42351a03430e	2026-08-13	merged-into-main
fix/vt-evidence-marker	07240cf45c0f2eace3b99bf084d22c696383b134	2026-08-14	merged-into-main
fix/vt-gate-honors-withheld	8eff872df5c82ffeeb78bea722629e4a8ea8e7e3	2026-08-17	merged-into-main
fix/vt-notes-shipped-only	5f8273222c313553299d1787f8c0916cfc650944	2026-08-14	merged-into-main
fix/vt-stop-rescanning-binaries	bdb99d77500285db9e2fba0597105dbeaaf4e2b4	2026-08-15	merged-into-main
fix/vue-embedded-structure	5a02822fb13d53950a82ae4b519d6d0fd2b8b7dd	2026-08-27	merged-into-main
fix/wide-flat-const-defs	975dc76709a81ebc0b29b7415e64c0e8e383a327	2026-07-07	merged-into-main
fix/wide-flat-ratio	f380a4514f7a28410de4fefbc63cff3a86466ece	2026-07-07	merged-into-main
fix/win-arm-sanitize-arg-quoting	9fb3bdaff1c39a9e54514b5faade58a28e8753a2	2026-07-23	merged-into-main
fix/win-endpoint-dir-create-race	a041794f8e51ddf42342899be7b2ac26f951d777	2026-09-22	merged-into-main
fix/windows-acl-repair-v3	47bd4b68471f58b0ec4ae69a80fe46d29c326b65	2026-08-17	merged-into-main
fix/windows-guard-daemon-isolation	73f4a432e4ac1d575635a490d96e0f5ea588344d	2026-09-03	merged-into-main
fix/windows-install-contract-and-ipc-determinism	5f2c1468663f8fc0776c08267663b0464bebbf6b	2026-07-28	merged-into-main
fix/windows-publish-diagnostics	10b935cf476d8b8185751e63ab05b1f060eadaf5	2026-08-14	merged-into-main
fix/windows-uninstall-rename-retry	0a22fb14dfaebaeefa47bd8750c6a25bcf3f8fd4	2026-07-28	merged-into-main
fix/worker-log-flush	87717b0aec9f1ba58175670179734f60093c5f0a	2026-08-14	merged-into-main
fix/yaml-interior-anchor-chars	436707f8ff0d56bd817f43c1b66f0f6c36cb616e	2026-08-14	merged-into-main
harden/av-margin-rc2	958a511345b08dcee45f176b2249000fc0ff1888	2026-07-30	merged-into-main
harden/av-surface-strings	497c680aae809906f6b876bb034048ba8fa13948	2026-08-08	merged-into-main
perf/futile-nap-fast-exit	3aae43f73fcec6172c4175db5e039bf25f55f281	2026-07-06	merged-into-main
qa/bug-repro-suite	10ab2074f7b6016897cacecfffc764eaaf5042c9	2026-06-28	merged-into-main
qa/call-reference-rebase	d6c8d1dd0a8404c0b8947067002b678c8634ba2d	2026-08-04	merged-into-main
qa/fast-batch2	781456818fe545130f245c2af109b80a8c8514a3	2026-06-27	merged-into-main
qa/fast-cfg	c669477c635462a4b03a7851acf16b317283b686	2026-06-27	merged-into-main
qa/fast-cs2	8853ed6360e5d320d77999339119a11b2c47209e	2026-06-27	merged-into-main
qa/fast-dec	011c129ef93014e42524759f7e3c1e3b07229a41	2026-06-27	merged-into-main
qa/fast-enclfix	6e6b34a9bbaa1919f8964d98e513ee82afa6c3ce	2026-06-27	merged-into-main
qa/fast-gram3	19d34b5ff73d68a2e9b28c5786fd734b9c29d00b	2026-06-27	merged-into-main
qa/fast-grammar1	a044a71d59795480b7f57d071fcf9d9a0ec37d25	2026-06-27	merged-into-main
qa/fast-grammar2	6afd42d20ab52f9ecdaefd65290715a2721a9c15	2026-06-27	merged-into-main
qa/fast-grammar3	ffbf923a6f39582f30c6e72063a897d7ed53ae91	2026-06-27	merged-into-main
qa/fast-issue2	3f754cf449f941508a6dcef6ee81321a8cb408a0	2026-06-27	merged-into-main
qa/fast-lisp	d63ba9f66d13d37d14b15df19e590db931853f7c	2026-06-27	merged-into-main
qa/fast-lsp2	fc1b6cc72d89d6002be0dd524a364aead32ba8f3	2026-06-27	merged-into-main
qa/fast-lsp3	d97dee02397a5327bfe84a835f2d4600dea9f44b	2026-06-27	merged-into-main
qa/fast-lspfix	b9b4669a20cbf655981f15580e574328fc4f6920	2026-06-27	merged-into-main
qa/fast-lspjoin	f8a7e8b715fac68a2ac9038dbb42823c87a9ca94	2026-06-27	merged-into-main
qa/fast-pony	08f1919973e9c5d3cd0968d4821dfe49721ff318	2026-06-27	merged-into-main
qa/fast-run	ed94b407077f6ed522742f19f33f352468b810c8	2026-06-26	merged-into-main
qa/fast-struct	554b171cf7bd978adece34ab8af2a5cd6d16c66c	2026-06-27	merged-into-main
qa/linkedin-call-usage-repros	d6c8d1dd0a8404c0b8947067002b678c8634ba2d	2026-08-04	merged-into-main
qa/smoke-run	d8a7dc252f0aec833da23caf8ae7c127402ce73e	2026-06-26	merged-into-main
qa/soak-581	d8a7dc252f0aec833da23caf8ae7c127402ce73e	2026-06-26	merged-into-main
recover/836-tsjs-suppression	26689e72e6a9f8af563ac9960688a74262b38f8c	2026-07-04	merged-into-main
repro/964-header-qn-collision	b70812e22f2cba2c74d39684a27affded7d24801	2026-07-12	merged-into-main
sec/hardening-2026-07	839463d5c19789a18159195605fd9e44f079a168	2026-07-07	merged-into-main
test/1234-java-interface-enum-dedup	5eae0a43714d4ea73829cdab151caf2cac6512aa	2026-08-04	merged-into-main
test/1367-empty-graph-regression	6a343a7bcefdd92d05b646def79896c467adc9ce	2026-08-06	merged-into-main
test/876-recursion-delegation-guards	2f3be252a39f8803e05dc2568d07fadeacf6e2ee	2026-07-12	merged-into-main
test/cpp-enclosing-attr-438	4953fcaf21d6b414b2a219fe011e6d4c843f3b90	2026-06-25	merged-into-main
test/daemon-app-terminal-wait	46b77c3e3b267a6471ca2f6bf0b668d7c154a52e	2026-07-28	merged-into-main
test/daemon-app-wait-yield	8268af4188f623b2f16ec31c6d79844b3c8d5214	2026-07-28	merged-into-main
test/watcher-pending-free-held-state	07eb426c95386e299a6aa6adbf2b4eb9f272ff3b	2026-09-27	merged-into-main
test/watcher-spawn-marker-budget	a279a288788cf4a8b876c61061738dc3f55e9096	2026-07-27	merged-into-main
chore/homebrew-0.10.2	631847ffe6ba0d17568d1e4ff0e7c63659b3f67a	2026-08-11	unmerged
codex/issue-1410-vue-embedded-structure	531f88fb2ffa190b0a60b189fb0ef90361b6a27e	2026-08-26	unmerged
dependabot/github_actions/github/codeql-action/analyze-4.38.1	7549e6d09c021f6d3a385a37898f591626ae62b8	2026-09-26	unmerged
dependabot/github_actions/github/codeql-action/init-4.38.1	363575af920b05f911fc76ca964dcfa7ef1c62bb	2026-09-26	unmerged
dependabot/github_actions/github/codeql-action/upload-sarif-4.38.1	e94f5a70d01e4cf62b0c9f496175dcd930bcbd0e	2026-09-26	unmerged
distill/1245-cypher-partial-where	458b0db1ba3274ceee1e975cfd7300f13aef82e9	2026-09-20	unmerged
distill/1245-installer-exclusive-temp	151d6077cf418a42628bc7e38bda4f873877f147	2026-09-20	unmerged
distill/1245-int-arg-range	b565e9d8b06e8703f1c15a4263a987837dd0c5f3	2026-09-20	unmerged
distill/1245-patch-decorator-route	8aa77f89ce1ef56c98d989b03bc35fa4c6289b8a	2026-09-20	unmerged
distill/1245-route-literal-exts	0541b033fa874c38167e4f4d204ad452f1d96d08	2026-09-20	unmerged
distill/1245-websocket-route-suffixes	de4a88f22242f53f724fc6cc8dcaed79642dc5cd	2026-09-20	unmerged
distill/2109-ci-pins-and-sbom	a45a99c9c73dd54a4625d680da700f7cb0387eff	2026-09-27	unmerged
docs/cli-daemon-behavior	99ccc7d64a275bba1c015b30df036597637363f5	2026-09-25	unmerged
docs/eval-plan-draft-note	13d5fb4d9bfc162f3631fb484b1c93a3532dc029	2026-06-06	unmerged
docs/security-process	89f71f2126b02007f0ad1cf81907ae74ab64316e	2026-06-21	unmerged
docs/team-artifact-history-growth	abd82a108b459d70a923d7b4a43651fbeb835912	2026-09-01	unmerged
feat/atlas-r1	a44732b6f8ee6409cd12b135f14867f1b5ecab33	2026-09-06	unmerged
feat/callable-identity-plumbing	7abaa91dea653af3e890759a63e40a09cfcb81d8	2026-09-25	unmerged
feat/ci-integrity-gate	fbfd90ab891b94f90ce40fc223169d02fef025f7	2026-08-21	unmerged
feat/ci-run-isolation	eca86c2cc5388c722f88ec62dd8ac8e8593a5683	2026-08-06	unmerged
feat/codeatlas-web	ea931e7647cbca43c57beae3b969d1ef52d82f08	2026-09-28	unmerged
feat/cross-repo-status	5facd38fbd2ac8bc45559500a11be30fcee707de	2026-09-25	unmerged
fix/1017-utf8-docstring	18e4ceb490662073bdeb611f2949c0bcb7960a86	2026-07-16	unmerged
fix/activation-unknown-daemon-is-foreign	ed76cf8e88cfb1f26c82110e46a518c13577f788	2026-09-28	unmerged
fix/conditional-dacl-restamp	dfd9f7e122f758d7c272b03715680390b3d50554	2026-08-14	unmerged
fix/git-spawn-local-env	40dad610eec783fe243e6b6141c1bebc75c23f0d	2026-09-25	unmerged
fix/harness-timeout-race-deterministic	0d783bcca4edde896d5716e8a4060c3100595973	2026-09-28	unmerged
fix/internal-db-enumeration	460153204ba9833913e5245ca894f783c1d7229d	2026-09-28	unmerged
fix/issue-1133	b7bcb15c219761f27ff146063a50481303527563	2026-09-25	unmerged
fix/issue-1297	95eaf01755d18c501fa8d1c5dae2255cf460b9a2	2026-09-28	unmerged
fix/issue-1354	c02dff113a90aa6bbc3d89fedda962a53f8b4c64	2026-09-28	unmerged
fix/issue-1428	4f5c951dde792c9cee4e33e45119cef8fc62765e	2026-09-25	unmerged
fix/issue-1457	c6ccdd9395dbbafc6f66a49040b478b445387946	2026-09-25	unmerged
fix/issue-1459	3faecc78144175a81acf76721c4f695cf80b5676	2026-09-25	unmerged
fix/issue-1687	19f50de3d2e2bdea5f9054caf07af70f46d74244	2026-09-25	unmerged
fix/issue-1717	e9f6596e82cac5b3377cf212e7199a286815418f	2026-09-25	unmerged
fix/issue-1720	a808295986d7599ddbfe8324beefacfdd5161c04	2026-09-25	unmerged
fix/issue-1735	d56e046ddd08ac6bf8b14f5049a88382a10a1636	2026-09-25	unmerged
fix/issue-1736	f5c8631f2032c5598b1bfe12d329b875532f814d	2026-09-25	unmerged
fix/issue-1743	a8c4040e8a92dcf831c64f57458694ff8fa6e9f9	2026-09-25	unmerged
fix/issue-1748	12f51855cab461cda3bd4c4d63d79f09fcb69732	2026-09-25	unmerged
fix/issue-1783	e7324bb6904c6d0a295b956e83c8585219198358	2026-09-25	unmerged
fix/issue-1827	6b7628bb6bbf041a8bdf069dd9d6bc8861d84e73	2026-09-25	unmerged
fix/issue-1916	1d5ff68e508e78b149589396d547166ad41362e0	2026-09-25	unmerged
fix/issue-1948	e65a4e70be9c87366f66e93e252c0f307aa50ac2	2026-09-25	unmerged
fix/issue-1951	87471e1f1d6a01ca8be6ca45b968145d0de95362	2026-09-25	unmerged
fix/issue-1955	1c73f8676c31e227c6ed478ccbb55662b34d6db2	2026-09-25	unmerged
fix/issue-1967	b8b88bcf088b8cf3f6b44949e917d172aaa82d2e	2026-09-25	unmerged
fix/issue-2003	8e12fc8a69dc6f83296e660191448ef8ba7819bc	2026-09-25	unmerged
fix/issue-2044	dad40ccdb633c10557baba4049aec35049fa3b15	2026-09-25	unmerged
fix/issue-2053	793e0b6127db3c8333b1dc29faf0b35167e3ceda	2026-09-25	unmerged
fix/issue-2078	b3bc2a80aad766d37477a163ae5b158913a20f45	2026-09-25	unmerged
fix/issue-2118	fe3c285fdc63bd9abe027026edd7adffe5f62677	2026-09-28	unmerged
fix/issue-2120	b220ecec48010db71ac0a77b2888fefe802c9182	2026-09-25	unmerged
fix/issue-2127	1810a8964caae06e33b7f3c6f944de570c21c292	2026-09-26	unmerged
fix/issue-2133	45f0c430d28cf188753f44536d2cac26564a04ba	2026-09-25	unmerged
fix/issue-2134	b205f0b51dacd89da57f6fcbeb46f55617606091	2026-09-28	unmerged
fix/issue-2144	28b41c35b71cb039988f39f72689dd657e30522d	2026-09-25	unmerged
fix/issue-2167	886e6da479891b6dfe386ef25dfe5abe7ed2f080	2026-09-25	unmerged
fix/issue-2184-post-extraction-budget	78a2ec399fec3dc28e61439a4bcd900b7c64c23f	2026-09-28	unmerged
fix/issue-2200	c64ea20feae160d1eeddadf09e7e0df36b08e818	2026-09-25	unmerged
fix/issue-2208	951b2fddf68a6e6605b1664bd3252a2a6578ef35	2026-09-25	unmerged
fix/issue-2209	ae578bc1cc32bb8f159a69c486f938ad745c643f	2026-09-25	unmerged
fix/issue-2211	d5a3110d9e1e82de5416807d1f81e3ef85049c1a	2026-09-25	unmerged
fix/issue-2235	3ef7d8cdc201115dd76cc373ea2c64a567a2defe	2026-09-25	unmerged
fix/issue-2311	f3754d6197b626d5432ac84b0363b0d3a5544c5c	2026-09-25	unmerged
fix/over-budget-hint-concrete	1167972031d427be6773b86ec6dc9903317360d7	2026-09-13	unmerged
fix/repair-damaged-cache-acls	4623477381c1fe61e216d4daaa992dbba327982c	2026-08-14	unmerged
fix/search-code-ps-utf8	4c4375f2a9854e591fff88a5b3cafd34c6823dff	2026-08-18	unmerged
fix/spill-test-disk-determinism	a1b7c05685e18597f3461783d4bc98661f05427d	2026-09-28	unmerged
fix/test-runner-isolate-runtime-dir	533eee07ece1d01ff2c88da55972c7720cd1604b	2026-09-28	unmerged
fix/trace-path-qn-fallback-leak	e548d971b3e471ca5a149201c39ba62ab1a72261	2026-09-29	unmerged
fix/watcher-nongit-subtree	a09449745fe06b539604719b6e1cc7f901360012	2026-08-20	unmerged
fix/windows-acl-repair-v2	6e8e1f7f3a6e20dd3e42c8d458ad7b3295545049	2026-08-17	unmerged
integ/imr-own-fixes-1	849dca756ddd3914358e80e9ebf5ead6703a0361	2026-09-08	unmerged
qa/fast-astdump	4607b158914422e8ae664c99d04e990f117aab4b	2026-06-27	unmerged
qa/fast-issue	8ba844fa904adb87f9a6f230149f27b45d315995	2026-06-27	unmerged
qa/fast-lspdiag	9d51c4295d0ff7df2eab49961a9fed9a51c7d083	2026-06-27	unmerged
qa/fast-lspdiag2	d70d52cd46757894ca65671215e410789f2cd175	2026-06-27	unmerged
qa/fast-lspdiag3	e9bebdc8351da526ea7c6adbf3187e77de550401	2026-06-27	unmerged
qa/fast-lspdiag4	7844702752d2c678472ae4e0ae9ab61fde76dfea	2026-06-27	unmerged
test/daemon-ipc-onset-budget	e1efd9da30f32c86d0cb32dbe6e4d0f9291abb33	2026-07-28	unmerged
test/daemon-ipc-startup-gate-no-timeout	4c6ecffdcdb8d78c0704f0d7e825f676ad77c240	2026-09-28	unmerged
test/watcher-poll-only-watched-deflake	23d48336d3367fb27cbde54049b1414a2aea1b48	2026-09-28	unmerged
